PUBLISHED_DATE,DOCUMENTS_INDEX,PUBLISHER,TOPIC,BYLINE,SECTION,SOURCE,LENGTH,DATELINE,SUMMARY,LOAD_DATE,LANGUAGE,CORRECTION_DATE,CORRECTION,GRAPHIC,TYPE,DOCUMENT_TYPE,PUBLISH_TYPE,COPYRIGHT
"November 26, 2003, Wednesday",1 of 32 DOCUMENTS,The New York Post,THE SHEEP LOOK UP; BIPARTISAN ANTI-ALBANY REVOLT,Fredric U. Dicker,All Editions; Pg. 029,,841 words,,,"November 26, 2003",ENGLISH,,,Spartacus? Nassau County's Tom Suozzi.,,,,"Copyright 2003 N.Y.P. Holdings, Inc. All rights reserved."
,state,New_York,Business_Council,business,people,Suozzi,government,change,policy,union,executive,political,plan,other,tax,council,Citizens_Budget_Commission,Albany,event,week,culture,may,attack,leave,nov,hold,drop,democratic,unmistakable,local,county,around,proposal,course,go,announce,insider,time,receive,support,legislator,note,group,connect,high,indeed,right,number,member,worsen,climate,chairman,politically,practice,earn,together,sign,become,real,hemmerdinger,hopeful,future,Nassau_County,Pataki,stun,past,provide,glimmer,hope,call,populist,remarkable,meeting,dysfunctional,govern,process,thomas,suozzi,bomb,highly,ambitious,weigh,defeat,lawmaker,next,order,send,message,albany,cripple,nice,suggest,adopt,similar,proverbial,lead,balloon,spark,denunciation
,12,10,6,5,5,5,4,4,4,4,3,3,3,3,3,3,3,3,2,2,2,2,2,2,2,2,2,2,2,2,2,2,2,2,2,2,2,2,2,2,2,2,2,2,2,2,2,2,2,2,2,2,2,2,2,2,2,2,2,2,2,2,2,2,1,1,1,1,1,1,1,1,1,1,1,1,1,1,1,1,1,1,1,1,1,1,1,1,1,1,1,1,1,1,1,1,1,1,1
"September 7, 2003, Sunday",2 of 32 DOCUMENTS,The New York Post,CHANGING CLASSES; OVERHAUL KICKS IN TOMORROW,SUSAN EDELMAN and CARL CAMPANILE,All Editions; Pg. 020,,630 words,,,"September 12, 2003",ENGLISH,,,,,,,"Copyright 2003 N.Y.P. Holdings, Inc. All rights reserved."
,school,new,city,parent,open,change,make,week,student,teacher,read,education,go,kid,high,Klein,grade,information,regional,reform,safety,write,staff,need,office,move,fast,math,curriculum,test,mistake,testing,public,department,spokesman,crisis,three,fail,include,pay,coordinator,replace,disruptive,special,service,provide,violent,extra,agent,center,hire,largest,experiment,tomorrow,ring,bell,business,morning,know,watch,multitude,institute,shot,friday,next,follow,critical,run,full,sure,great,start,urge,principal,call,hot,line,rapid,response,team,help,criticize,many,introduce,textbook,last,chancellor,method,clout,mayor,bloomberg,mayoralty,stake,success,heat,raise,score,climate,people
,21,12,5,5,4,4,4,4,4,4,4,4,4,4,4,4,3,3,3,3,3,2,2,2,2,2,2,2,2,2,2,2,2,2,2,2,2,2,2,2,2,2,2,2,2,2,2,2,2,2,2,1,1,1,1,1,1,1,1,1,1,1,1,1,1,1,1,1,1,1,1,1,1,1,1,1,1,1,1,1,1,1,1,1,1,1,1,1,1,1,1,1,1,1,1,1,1,1,1
"February 28, 2003, Friday",3 of 32 DOCUMENTS,The New York Post,A NEWER LOOK FOR NEW WTC,WILLIAM NEUMAN,All Editions; Pg. 003,,460 words,,,"February 28, 2003",ENGLISH,,,"DANIEL LIBESKIND: Wants ""wall"" display.",,,,"Copyright 2003 N.Y.P. Holdings, Inc. All rights reserved."
,foot,memorial,space,wall,Libeskind,pit,plan,office,foundation,world,behind,glass,design,deep,site,million,square,Ground_Zero,street,level,spire,restaurant,among,change,original,praise,jag,building,instead,cover,9/11,input,Daniel,scarred,trade,center,shield,spindly,new,twist,rejigger,unveiled,win,architect,many,question,remain,future,scheme,include,agency,hire,mayor,bloomberg,gov,pataki,press,conference,officially,announce,selection,proposal,edge,soften,sit,bedrock,show,grass,starkly,gray,tallest,contain,110th,floor,replace,destroy,window,element,likely,raise,eyebrow,preoccupation,decay,concrete,basement,never,visible,part,hidden,attack,excavator,clear,debris,put,display,symbol,durability,democracy,fact
,6,5,5,5,5,4,4,4,3,3,3,3,3,3,3,3,3,3,2,2,2,2,2,2,2,2,2,2,2,2,2,2,2,1,1,1,1,1,1,1,1,1,1,1,1,1,1,1,1,1,1,1,1,1,1,1,1,1,1,1,1,1,1,1,1,1,1,1,1,1,1,1,1,1,1,1,1,1,1,1,1,1,1,1,1,1,1,1,1,1,1,1,1,1,1,1,1,1,1
"April 9, 2003, Wednesday",4 of 32 DOCUMENTS,The New York Post,HOOTIE'S TRUMP CARD CAN BEAT BURK,George Willis,All Editions; Pg. 068,,605 words,,,"April 9, 2003",ENGLISH,,,,,,,"Copyright 2003 N.Y.P. Holdings, Inc. All rights reserved."
,Burk,master,go,Johnson,plan,female,member,protest,make,gate,certainly,membership,protester,announcement,controversy,last,away,play,outside,Augusta_National,Farrell,normally,week,press,conference,ask,club,organization,announce,admit,2004,ultimate,hold,allow,saturday,change,support,have,public,golf,wood,issue,stage,try,tournament,inside,compete,ready,win,Martha_Burk,annual,sparsely,attend,speckle,occasional,yawns,morning,eye,ear,chairman,verbal,feud,head,attention,worldwide,media,smart,take,opportunity,halt,posse,checkmate,tomorrow,side,chance,claim,victory,good,political,squabble,end,rainbow,push,alter,eliminate,need,entrance,emphasis,demonstration,100,call,beginning,breath,however,pick,ground,shock,stance,thus
,8,7,6,6,4,4,4,4,4,4,3,3,3,3,3,3,3,3,3,3,3,2,2,2,2,2,2,2,2,2,2,2,2,2,2,2,2,2,2,2,2,2,2,2,2,2,2,2,2,2,1,1,1,1,1,1,1,1,1,1,1,1,1,1,1,1,1,1,1,1,1,1,1,1,1,1,1,1,1,1,1,1,1,1,1,1,1,1,1,1,1,1,1,1,1,1,1,1,1
"May 11, 2003, Sunday",5 of 32 DOCUMENTS,The New York Post,MIKE PUTTERS AROUND; GOLFS WITH BRUNO AMID BUDGET FIGHT,"KENNETH LOVETT, JOE McGURK and STEPHANIE GASKELL",All Editions; Pg. 003,,655 words,,,"May 16, 2003",ENGLISH,,,"THE HOLE TRUTH: Mayor Bloombert (right) and girlfriend Diana Taylor grapple with the crucial work of the city at The Country Club of Troy yesterday. Alan Solomon (Sports & Late City) GRADUATING WITH HIZZONER: Mayor Bloomberg, in Albany yesterday to talk with state pols about the Apple's needs, gets set to give the commencement address at the College of St. Rose.  AP (Metro)",,,,"Copyright 2003 N.Y.P. Holdings, Inc. All rights reserved."
,budget,mayor,job,veto,Pataki,Bloomberg,go,graduate,part,billion,address,tax,hike,know,something,find,Bruno,include,big,do,lot,skip,daughter,softball,game,fifth,inning,group,business,leader,sure,whether,make,change,vow,significant,back,city,though,commencement,speech,try,tell,worry,salary,face,talk,manure,pony,Albany,Westchester,Rye_Brook,gov,expect,bailout,cash,apple,bloomberg,golf,hold,key,override,aide,man,outing,social,event,spokesman,ed,skyler,joe,bruno,appreciative,sue,legislature,revision,unconstitutionally,yet,determine,governor,court,past,challenge,lawmaker,appropriation,bill,bring,2.7,mostly,wednesday,deliver,348,chief,spokeswoman,trustee,college,billionaire,dig,3.8
,8,7,6,5,5,5,4,4,3,3,3,3,3,3,3,3,3,2,2,2,2,2,2,2,2,2,2,2,2,2,2,2,2,2,2,2,2,2,2,2,2,2,2,2,2,2,2,2,2,2,2,2,1,1,1,1,1,1,1,1,1,1,1,1,1,1,1,1,1,1,1,1,1,1,1,1,1,1,1,1,1,1,1,1,1,1,1,1,1,1,1,1,1,1,1,1,1,1,1
"January 12, 2003, Sunday",6 of 32 DOCUMENTS,The New York Post,...CUT WELFARE FOR POLS,,All Editions; Pg. 026,,461 words,,,"January 16, 2003",ENGLISH,,,,,,,"Copyright 2003 N.Y.P. Holdings, Inc. All rights reserved."
,program,money,city,candidate,million,o'hare,tax,cut,buck,cop,budget,raise,privately,cost,count,may,time,instead,keep,mayoral,publicly,fund,little,create,indeed,today,rev,decision,step,head,present,great,opportunity,scrap,board,whole,misguid,along,soar,key,service,firefighter,school,face,ripe,pointless,actually,big,2001,wildly,generous,grant,fringe,much,four,dollar,every,gotham,administrative,half,visit,layoff,generation,underwrote,candidacy,slew,political,hopeful,unpopular,enough,campaign,private,politics,nope,none,subsidize,close,match,war,chest,eventual,victor,race,recall,shun,put,mouth,reason,believe,finance,continue,outspend,counterpart,billionaire,tom,golisano,example,relieved,similar
,8,5,4,4,4,3,3,3,3,2,2,2,2,2,2,2,2,2,2,2,2,2,2,2,2,2,1,1,1,1,1,1,1,1,1,1,1,1,1,1,1,1,1,1,1,1,1,1,1,1,1,1,1,1,1,1,1,1,1,1,1,1,1,1,1,1,1,1,1,1,1,1,1,1,1,1,1,1,1,1,1,1,1,1,1,1,1,1,1,1,1,1,1,1,1,1,1,1,1
"February 3, 2003, Monday",7 of 32 DOCUMENTS,The New York Post,ON THE NEWSSTAND,,All Editions; Pg. 030,,854 words,,,"February 3, 2003",ENGLISH,,,,,,,"Copyright 2003 N.Y.P. Holdings, Inc. All rights reserved."
,read,story,magazine,tragedy,time,cover,Columbia,coverage,personal,piece,war,city,report,life,book,three,sex,new,American,news,especially,week,coverline,enough,quick,analysis,companion,offer,exploration,mag,take,comprehensive,astronaut,much,full,information,certainly,package,never,another,live,drink,tale,bit,think,donation,individual,actually,low,prudishness,review,commentary,public,teach,Newsweek,Saddam,Bush,Lapham,Atlantic_Monthly,walk,tightrope,timeliness,break,national,occur,deadline,amazingly,rise,challenge,present,saturday,sometimes,less,simple,lose,inside,remembrance,really,happen,photo,right,amount,argument,continue,space,beyond,loom,bulk,attention,weapon,inspector,prepare,include,pix,family,adviser,approach,element,poignant
,6,6,5,4,4,4,4,3,3,3,3,3,3,3,3,3,3,3,3,2,2,2,2,2,2,2,2,2,2,2,2,2,2,2,2,2,2,2,2,2,2,2,2,2,2,2,2,2,2,2,2,2,2,2,2,2,2,2,2,1,1,1,1,1,1,1,1,1,1,1,1,1,1,1,1,1,1,1,1,1,1,1,1,1,1,1,1,1,1,1,1,1,1,1,1,1,1,1,1
"March 21, 2003, Friday",8 of 32 DOCUMENTS,The New York Post,YANKS PUT HITCHCOCK ON DISPLAY,GEORGE KING,All Editions; Pg. 112,,393 words,,,"March 21, 2003",ENGLISH,,,HITCHCOCK Auditions for scouts.,,,,"Copyright 2003 N.Y.P. Holdings, Inc. All rights reserved."
,Hitchcock,rocky,team,pitcher,Yankees,Expos,league,pitch,watch,lefty,scout,yankee,interested,splitter,million,money,deal,extend,invitation,major,minor,game,every,receive,memo,via,message,wire,five,send,rep,hurl,read,drop,three,include,sign,1989,represent,vance,lovelace,dodger,ranger,insist,desperate,trade,depend,talk,mel,stottlemyre,effort,give,nine,hit,six,run,go,well,several,note,struggle,hitter,show,enough,arm,speed,throw,curve,strike,impressed,bite,velocity,top,mph,fastball,tank,stronger,owed,4.5,base,salary,2.5,signing,bonus,defer,however,economic,climate,clamoring,swallow,something,substantial,back,pull,wednesday,night,acquire,padre,remain
,7,4,3,3,3,3,2,2,2,2,2,2,2,2,2,2,2,1,1,1,1,1,1,1,1,1,1,1,1,1,1,1,1,1,1,1,1,1,1,1,1,1,1,1,1,1,1,1,1,1,1,1,1,1,1,1,1,1,1,1,1,1,1,1,1,1,1,1,1,1,1,1,1,1,1,1,1,1,1,1,1,1,1,1,1,1,1,1,1,1,1,1,1,1,1,1,1,1,1
"March 27, 2003, Thursday",9 of 32 DOCUMENTS,The New York Post,HILTON SIBS MAKE NEW SPLASH,,All Editions; Pg. 016,,1624 words,,,"March 27, 2003",ENGLISH,,,"-Gisele Bundchen.  Fernanda Calfat/WireImage.com -Lenny Kravitz, Alexandra
-David Schwimmer wears shoes as he leaves the Barefoot Caf in Beverly Hills with his lovely new friend who has yet to be identified. Does anyone recognize her? London Entertainment/Splash News
-Kylie Minogue lunches with her new boyfriend, ""Unfaithful"" hunk Oliver Martinez, at the Chateau Marmont in Hollywood. London Entertainment/Splash News",,,,"Copyright 2003 N.Y.P. Holdings, Inc. All rights reserved."
,Paris,tell,show,last,war,French,start,know,week,sister,six,girl,nothing,happen,talk,go,source,throw,think,crazy,magazine,report,friend,cage,presley,pal,plan,special,member,time,leave,news,problem,producer,hear,become,tonight,Hilton,PAGE,Jason,ABC,Cher,witness,brawl,actress,l.a.,tuesday,night,though,three,sit,scream,minute,pretty,next,never,really,drink,look,star,bar,birthday,party,close,anything,complain,dinner,vega,give,today,replace,voice,issue,local,public,wife,pose,bad,couple,call,room,happy,battle,take,much,make,network,air,let,send,back,life,singer,record,stone,father,offer,training,flag
,11,7,7,6,6,5,4,4,4,3,3,3,3,3,3,3,3,3,3,3,3,3,3,3,3,3,3,3,3,3,3,3,3,3,3,3,3,3,3,3,3,3,2,2,2,2,2,2,2,2,2,2,2,2,2,2,2,2,2,2,2,2,2,2,2,2,2,2,2,2,2,2,2,2,2,2,2,2,2,2,2,2,2,2,2,2,2,2,2,2,2,2,2,2,2,2,2,2,2
"May 22, 2003, Thursday",10 of 32 DOCUMENTS,The New York Post,GIANT JUBILATION - COACH FASSEL INTRODUCES 'LOST' SON,PAUL SCHWARTZ,All Editions; Pg. 033,,691 words,,,"May 22, 2003",ENGLISH,,,"-JOYOUS OCCASION: Mathieson introduces daughter Reagan to her proud grandmom, Kitty, at the first family reunion in Colorado. -ONE BIG HAPPY FAMILY: John Mathieson (center) yesterday stands with his newly found birth parents, Jim and Kitty Fassel, and his siblings (rear from left) Jana, John and Michael. At right is Mathieson's wife, Kristi.  Michael Sofronski",,,,"Copyright 2003 N.Y.P. Holdings, Inc. All rights reserved."
,family,have,Kitty,child,bear,son,Fassels,Mathieson,coach,four,life,later,learn,three,week,we,daughter,Fassel,head,far,difficult,tell,different,give,adoption,awesome,grow,oldest,recently,time,meet,father,brother,fassel,today,together,marry,choice,add,birth,change,handle,another,kind,maybe,Giants,Jim_Fassel,Jim,Colorado,secure,critical,victory,career,dec.,beat,eagle,overtime,capture,playoff,berth,night,wife,confront,challenge,tidy,lead,lie,fifth,back,unmarried,sweetheart,attend,college,keep,secret,startling,news,reveal,shocking,believe,desperation,frantic,teenager,deal,issue,blossomed,heartwarming,tale,spark,grand,reunion,search,speak,firstborn,grandparent,fly,colo,hotel,suburban
,5,5,5,4,4,4,4,4,3,3,3,3,3,3,3,3,3,3,2,2,2,2,2,2,2,2,2,2,2,2,2,2,2,2,2,2,2,2,2,2,2,2,2,2,2,2,2,2,2,1,1,1,1,1,1,1,1,1,1,1,1,1,1,1,1,1,1,1,1,1,1,1,1,1,1,1,1,1,1,1,1,1,1,1,1,1,1,1,1,1,1,1,1,1,1,1,1,1,1
"May 23, 2003, Friday",11 of 32 DOCUMENTS,The New York Post,KLEIN AIDE RIPS SCHOOL SYSTEM,CARL CAMPANILE Education Reporter,Sport+Late City Final; Pg. 016,,397 words,,,"May 23, 2003",ENGLISH,,,ROBERT KNOWLING Thought of quitting.,,,,"Copyright 2003 N.Y.P. Holdings, Inc. All rights reserved."
,principal,school,have,knowl,people,leave,go,Leadership_Academy,head,city,twice,system,thing,training,help,fail,next,percent,make,create,Center,Educational_Innovation,department,admit,consider,quit,post,frustration,resistant,change,hardest,ever,try,oversee,recruiting,address,former,top,executive,several,company,hire,january,find,strong,"1,200",climate,certainly,different,private,sector,perform,rewarded,immediately,show,door,close,almost,ask,civil,service,union,rule,govern,perpetuation,incompetence,never,anything,stress,lead,despite,challenge,critic,expert,hunker,stymie,reform,great,opportunity,better,talented,leader,250,newly,appoint,open,september,train,candidate,work,learn,star,recruitment,include,attract,educator,state,exist,retrain
,8,6,4,4,3,3,3,3,2,2,2,2,2,2,2,2,2,2,2,2,2,2,1,1,1,1,1,1,1,1,1,1,1,1,1,1,1,1,1,1,1,1,1,1,1,1,1,1,1,1,1,1,1,1,1,1,1,1,1,1,1,1,1,1,1,1,1,1,1,1,1,1,1,1,1,1,1,1,1,1,1,1,1,1,1,1,1,1,1,1,1,1,1,1,1,1,1,1,1
"June 30, 2003, Monday",12 of 32 DOCUMENTS,The New York Post,WHAT THE POLS HATH WROUGHT,,All Editions; Pg. 030,,1100 words,,,"June 30, 2003",ENGLISH,,,,,,,"Copyright 2003 N.Y.P. Holdings, Inc. All rights reserved."
,tax,state,New_York,percent,spend,city,last,budget,new,job,billion,yet,Albany,Gotham,lawmaker,mayor,hike,national,make,may,rate,lose,fine,pain,fiscal,economy,mike,million,plan,gap,nearly,pol,still,continue,next,opportunity,combine,local,future,nation,much,almost,firm,debt,go,long,shot,way,beyond,financial,taxpayer,relief,meanwhile,work,likely,drag,week,deal,ago,statewide,projection,loss,revenue,time,consider,per,resident,trim,indeed,pension,generous,government,service,nothing,total,sale,income,double,pressure,another,miss,rather,structural,yorker,worker,among,early,area,top,whether,shut,rest,country,place,Medicaid,smack,home,damage,cause
,16,14,13,11,9,9,7,6,5,5,5,5,5,5,4,4,4,4,4,4,4,4,3,3,3,3,3,3,3,3,3,3,3,3,3,3,3,3,3,3,3,3,3,2,2,2,2,2,2,2,2,2,2,2,2,2,2,2,2,2,2,2,2,2,2,2,2,2,2,2,2,2,2,2,2,2,2,2,2,2,2,2,2,2,2,2,2,2,2,2,2,2,2,2,2,1,1,1,1
"July 11, 2003, Friday",13 of 32 DOCUMENTS,The New York Post,"PLAY IT AGAIN, MA'AM",Michael Riedel,All Editions; Pg. 045,,638 words,,,"July 11, 2003",ENGLISH,,,"Jane Krakowski has taken over the lead in a workshop production of ""Sweet Charity."" N.Y. POST: JENNIFER WEISBORD",,,,"Copyright 2003 N.Y.P. Holdings, Inc. All rights reserved."
,show,musical,revival,theater,Broadway,spring,look,may,rock,producer,still,work,present,wonderful,town,direct,go,available,week,book,least,well,lot,woman,stage,mame,next,sweet,charity,workshop,last,obscure,english,director,series,talent,schedule,Barry_Weissler,London,White,fill,latest,three,couple,ago,encore,starr,wickedly,funny,charming,ever,choreograph,score,transfer,shel,become,pregnant,actress,rush,past,hunt,easy,task,right,everything,paper,fluid,business,owner,always,backup,eye,al,hirschfeld,formerly,man,la,mancha,vacate,end,officially,home,rumbling,import,ready,time,open,bombay,dream,cost,astounding,million,money,raise,economic,climate,turn,revise,change
,7,4,4,4,4,3,3,3,3,2,2,2,2,2,2,2,2,2,2,2,2,2,2,2,2,2,2,2,2,2,2,2,2,2,2,2,2,2,2,2,1,1,1,1,1,1,1,1,1,1,1,1,1,1,1,1,1,1,1,1,1,1,1,1,1,1,1,1,1,1,1,1,1,1,1,1,1,1,1,1,1,1,1,1,1,1,1,1,1,1,1,1,1,1,1,1,1,1,1
"July 25, 2003, Friday",14 of 32 DOCUMENTS,The New York Post,DID 'RESTAURANT' FAKE SCENE?,,All Editions; Pg. 012,,1559 words,,,"July 25, 2003",ENGLISH,,,"-Madonna, in the passenger seat, batted her eyes and tried to sweet-talk an LAPD officer out of giving her assistant a moving violation.  Â© Ramey Photos -Ben Affleck, Yul Vasquez
-Elle MacPherson goes incognito while on a shopping spree in the tony Notting Hill section of London.  Big Pictures USA (m, s)
-Sly Stallone, in town to plug ""Spy Kids 3-D,"" hooks up with brother Frank in Manhattan last night. See review, Page 48. Ronald Asadorian/Splash (lcf)",,,,"Copyright 2003 N.Y.P. Holdings, Inc. All rights reserved."
,go,McDonald,show,man,tell,Canteen,scene,buy,know,ask,cover,Rocco,DiSpirito,fake,restaurant,rep,new,friend,John,canteen,space,process,can,never,long,look,make,everyone,bad,c.c,magazine,wear,pants,shoot,rob,Chodorow,Geraldo,Ashton,claim,close,sue,try,partner,call,ago,still,use,air,sell,camera,start,fool,find,bankruptcy,court,eatery,judge,another,place,shot,producer,nothing,case,million,settle,former,neighbor,table,son,hear,daughter,sox,version,write,band,love,meet,wife,divorced,big,four,beautiful,star,attack,wedding,journalist,change,trailer,ever,kutcher,lowe,september,suppose,photo,wait,scandal,o.j,money,pay
,9,8,6,6,6,6,5,5,5,5,5,5,5,4,4,4,4,4,4,3,3,3,3,3,3,3,3,3,3,3,3,3,3,3,3,3,3,3,2,2,2,2,2,2,2,2,2,2,2,2,2,2,2,2,2,2,2,2,2,2,2,2,2,2,2,2,2,2,2,2,2,2,2,2,2,2,2,2,2,2,2,2,2,2,2,2,2,2,2,2,2,2,2,2,2,2,2,2,2
"August 5, 2003, Tuesday",15 of 32 DOCUMENTS,The New York Post,INTEREST-RATE MOVES WARN THE ECONOMY MAY BE BROKEN,John Crudele,All Editions; Pg. 031,,632 words,,,"August 5, 2003",ENGLISH,,,,,,,"Copyright 2003 N.Y.P. Holdings, Inc. All rights reserved."
,rate,percent,economy,interest,rise,improve,federal,situation,job,cause,reserve,government,good,number,lose,look,2.4,U.S.,Washington,break,can,nation,business,way,reduce,people,money,instance,nobody,reason,market,investor,certainly,enough,normal,amount,stop,fact,actually,worse,really,"44,000",bad,massive,quarter,figure,inflation,annual,growth,explain,may,different,idea,cycle,lot,troubling,hearing,economist,politician,argue,let,hope,wrong,behaved,past,serious,concern,country,fix,remedy,conventional,early,june,actual,pay,borrow,soar,rocket,bond,longer,issue,still,trade,risen,around,4.20,5.50,mortgage,average,low,area,happen,question,answer,thing,source,worry,foreigner,suddenly
,15,9,8,6,6,5,4,4,4,3,3,3,3,3,3,3,3,3,3,2,2,2,2,2,2,2,2,2,2,2,2,2,2,2,2,2,2,2,2,2,2,2,2,2,2,2,2,2,2,2,1,1,1,1,1,1,1,1,1,1,1,1,1,1,1,1,1,1,1,1,1,1,1,1,1,1,1,1,1,1,1,1,1,1,1,1,1,1,1,1,1,1,1,1,1,1,1,1,1
"August 26, 2003, Tuesday",16 of 32 DOCUMENTS,The New York Post,WHY THE ECONOMY MAY APPEAR WEAKER,John Crudele,All Editions; Pg. 036,,645 words,,,"August 27, 2003",ENGLISH,,,,,,,"Copyright 2003 N.Y.P. Holdings, Inc. All rights reserved."
,computer,september,economy,number,seasonal,2002,october,next,2001,government,adjustment,happen,interest,rate,look,attack,statistical,column,previous,business,think,expect,cause,weak,weaker,start,slow,everyone,attention,understand,help,expectation,last,terrorist,activity,normal,02,still,period,machine,make,actually,compare,economic,rise,price,Wall_Street,begin,probably,mired,extremely,growth,trend,exist,nearly,three,apparent,slowdown,blame,world,trade,center,fluke,disturb,consumer,politician,shark,screeech,fingernail,blackboard,go,easy,either,write,pay,cup,coffee,try,normalize,anything,quirk,instance,change,summer,teacher,leave,work,force,student,enter,adjust,float,theory,calculation,throw,occur,exactly,seem,theorize
,12,8,7,5,5,5,5,4,4,4,4,4,4,4,3,3,3,3,3,3,3,3,3,3,2,2,2,2,2,2,2,2,2,2,2,2,2,2,2,2,2,2,2,2,2,2,2,1,1,1,1,1,1,1,1,1,1,1,1,1,1,1,1,1,1,1,1,1,1,1,1,1,1,1,1,1,1,1,1,1,1,1,1,1,1,1,1,1,1,1,1,1,1,1,1,1,1,1,1
"August 28, 2003, Thursday",17 of 32 DOCUMENTS,The New York Post,HISTORY'S SWITCH,Robert A. George,All Editions; Pg. 027,,674 words,,,"August 28, 2003",ENGLISH,,,Goldwater: Gave up on black vote.,,,,"Copyright 2003 N.Y.P. Holdings, Inc. All rights reserved."
,king,speech,black,vote,support,Nixon,King,rights,make,republican,sen,look,call,party,share,goldwater,racist,movement,civil_rights,every,success,forty,today,civil,national,political,racial,comfort,state,position,order,able,end,still,percent,value,rather,1964,act,though,give,wound,philosophy,white,recognize,interest,Martin_Luther_King,Eisenhower,Kennedy,Georgia,America,Goldwater,Mr._Goldwater,Republican_Party,contain,within,seed,downfall,ago,jr.,deliver,memorable,reach,apex,oratory,social,protest,top,agenda,stop,battle,thus,diminish,influence,1960,presidential,race,f.,kennedy,vice,president,actually,run,liberal,member,many,favorably,administration,send,federal,troops,ark,enforce,desegregation,score,coup,arrest,sentence,four
,7,6,6,6,4,4,4,3,3,3,3,3,3,3,3,3,3,3,3,2,2,2,2,2,2,2,2,2,2,2,2,2,2,2,2,2,2,2,2,2,2,2,2,2,2,2,2,2,2,2,2,2,2,2,1,1,1,1,1,1,1,1,1,1,1,1,1,1,1,1,1,1,1,1,1,1,1,1,1,1,1,1,1,1,1,1,1,1,1,1,1,1,1,1,1,1,1,1,1
"September 14, 2003, Sunday",18 of 32 DOCUMENTS,The New York Post,NEW YORK'S NEW BEGGARS ; CELL-PHONE HOMELESS ON STREETS BY CHOICE,PHILIP RECCHIA,All Editions; Pg. 004,,1317 words,,,"September 17, 2003",ENGLISH,,,"STREET SCENE: A young woman named Dawn (left), accompanied by a lazy pooch (below) at 14th Street and Fifth Avenue, dials up pals while her sign (above) does the panhandling work, asking for donations.  Peter Walden Sr. NETWORKING: Homeless ""Tom,"" 20, chats on his cell phone with a friend in Philadelphia, another city with ample squat opportunities.Linda Obuchoska",,,,"Copyright 2003 N.Y.P. Holdings, Inc. All rights reserved."
,homeless,new,job,around,phone,have,kid,tell,drug,Dawn,free,street,life,last,cell,home,post,away,center,many,give,city,punk,find,record,name,back,go,ago,take,talk,leave,New_York,drop_in,Streetwork,charity,hundred,week,beg,interview,foot,read,break,place,average,panhandling,call,recently,hand,spend,money,able,buy,clothes,live,material,summer,handout,set,tattoo,stepfather,bond,sleeping,youth,area,we,group,certain,food,squatter,christmas,streetwork,work,police,lieutenant,gutter,four,sleep,night,people,addict,age,dawn,friend,boyfriend,parent,speak,squat,abandon,building,think,another,e_mail,Old_Navy,McDonald,California,Wall_Street,Tompkins_Square_Park,Karen
,11,8,7,7,6,6,6,6,6,6,5,5,5,5,4,4,4,4,4,4,4,4,4,4,3,3,3,3,3,3,3,3,3,3,3,2,2,2,2,2,2,2,2,2,2,2,2,2,2,2,2,2,2,2,2,2,2,2,2,2,2,2,2,2,2,2,2,2,2,2,2,2,2,2,2,2,2,2,2,2,2,2,2,2,2,2,2,2,2,2,2,2,2,2,2,2,2,2,2
"September 17, 2003, Wednesday",19 of 32 DOCUMENTS,The New York Post,TV STATIONS SET TO GUZZLE LIQUOR COMPANY AD $$,STEPHEN LYNCH,Metro; Pg. 034,,236 words,,,"September 17, 2003",ENGLISH,,,,,,,"Copyright 2003 N.Y.P. Holdings, Inc. All rights reserved."
,spirit,ad,network,company,television,advertising,brand,million,cable,however,plan,campaign,change,Smirnoff,Diageo,weather,backlash,quietly,pour,money,bacardi,expect,drop,commercial,twice,spend,last,accord,market,researcher,buy,local,affiliate,add,avoid,public,outcry,early,2002,follow,nbc,announcement,carry,liquor,break,voluntary,ban,exist,decade,call,member,torped,deal,whose,include,turn,attention,buyer,unveil,next,climate,possibly,attitude,consumer,vice,president,global,creative,director,vodka,launch,sept,lot,publicity,benefit,moderate,alcohol,consumption,part,healthy,lifestyle,biggest,revenue,face,soft,sale,channel,eager,high_profile,hard_liquor,Impact_Databank,Impact,British,Congress,Mothers_Against_Drunk_Driving,Jose_Cuervo,Captain_Morgan,Scott_Reid,Finlandia
,3,3,3,2,2,2,2,2,2,2,2,2,2,2,2,1,1,1,1,1,1,1,1,1,1,1,1,1,1,1,1,1,1,1,1,1,1,1,1,1,1,1,1,1,1,1,1,1,1,1,1,1,1,1,1,1,1,1,1,1,1,1,1,1,1,1,1,1,1,1,1,1,1,1,1,1,1,1,1,1,1,1,1,1,1,1,1,1,1,1,1,1,1,1,1,1,1,1,1
"October 25, 2003, Saturday",20 of 32 DOCUMENTS,The New York Post,6-0 VIKES NO MINNY TEST ; JINTS GET READY FOR RAUCOUS RECEPTION,PAUL SCHWARTZ,All Editions; Pg. 076,,607 words,,,"October 27, 2003",ENGLISH,,,HOOKING UP: Mo Williams embraces Viking teammate Randy Moss after pair combined for hook-and-ladder TD play last week in 28-20 win over Denver that made Minnesota 6-0.AP,,,,"Copyright 2003 N.Y.P. Holdings, Inc. All rights reserved."
,game,team,go,season,play,Giants,field,pass,Vikings,week,news,think,inside,interception,cold,Vikes,Fassel,question,start,tice,good,have,viking,tomorrow,metrodome,back,last,right,yet,injury,offense,hum,along,2000,lead,league,player,straight,know,touchdown,practice,Culpepper,Moss,feeling,coach,tired,wonder,handle,sensational,oh,head,flat,hell,slightest,bit,serious,add,guy,understand,reason,work,extremely,hard,chance,upset,state,law,serendipity,riding,win,streak,dating,whatever,unbeaten,without,speed,runner,foot,culpepper,lobbing,thus,far,actually,stop,someone,meet,devastate,nfc,championship,froth,mouth,throw,inept,minnesota,secondary,linger,problem,longer,big
,6,5,5,5,5,5,4,4,4,3,3,3,3,3,3,3,3,2,2,2,2,2,2,2,2,2,2,2,2,2,2,2,2,2,2,2,2,2,2,2,2,2,2,1,1,1,1,1,1,1,1,1,1,1,1,1,1,1,1,1,1,1,1,1,1,1,1,1,1,1,1,1,1,1,1,1,1,1,1,1,1,1,1,1,1,1,1,1,1,1,1,1,1,1,1,1,1,1,1
"December 4, 2003, Thursday",21 of 32 DOCUMENTS,The New York Post,ACTION HEATING UP - LITERALLY,Ken Moran,All Editions; Pg. 069,,503 words,,,"December 4, 2003",ENGLISH,,,,,,,"Copyright 2003 N.Y.P. Holdings, Inc. All rights reserved."
,ski,look,snow,good,area,resort,weekend,open,accord,season,may,last,big,run,many,country,already,news,warming,world,higher,tuesday,national,seven,member,pioneer,U.S.,Fame,Hall,embark,repeat,fabulous,schuss,steep,deep,weather,create,great,condition,scientist,tell,we,future,industry,let,positive,moment,northeast,jump,fall,importantly,cold,temperature,make,system,dictate,catskill,windham,offer,decent,saturday,skier,tomorrow,wait,next,best,place,head,form,almost,terrain,remarkable,consider,week,december,bad,threaten,melting,lower,altitude,force,sport,move,mountain,study,release,downhill,disappear,altogether,other,retreate,line,cut,base,village,soon,2030,warn,report
,17,4,4,4,4,4,3,3,3,2,2,2,2,2,2,2,2,2,2,2,2,2,2,2,2,2,2,2,2,1,1,1,1,1,1,1,1,1,1,1,1,1,1,1,1,1,1,1,1,1,1,1,1,1,1,1,1,1,1,1,1,1,1,1,1,1,1,1,1,1,1,1,1,1,1,1,1,1,1,1,1,1,1,1,1,1,1,1,1,1,1,1,1,1,1,1,1,1,1
"December 15, 2003, Monday",22 of 32 DOCUMENTS,The New York Post,"YOU GOAT, GIRLS! 'TIS THE SEASON TO CASH IN ON BARGAIN CASHMERE",LIBBY CALLAWAY,All Editions; Pg. 048,,612 words,,,"December 17, 2003",ENGLISH,,,Model: Mary Henderson @Click Photos: Elizabeth Lippman,,,,"Copyright 2003 N.Y.P. Holdings, Inc. All rights reserved."
,cashmere,goat,make,price,sweater,hair,have,company,expensive,store,use,find,fiber,Spilhaus,fabric,100,percent,blend,roll,priced,thing,time,do,careful,grow,take,four,enough,woman,produce,quality,longer,last,less,belly,higher,side,soft,still,label,long,go,China,rich,enjoy,chance,stock,closet,gap,sell,clothes,accessory,suite,synthetic,discount,giant,action,19.99,scarve,hat,blame,economy,sudden,crush,reasonably,good,lousy,financial,climate,recession,raw,material,explain,president,demand,smaller,goods,available,reason,midprice,chain,"1,000",nationwide,decide,extensive,line,earlier,fall,trendy,hoody,drawstring,pants,fitted,tank,top,always,tay,p.r,spokeswoman
,22,10,6,5,5,5,4,4,4,3,3,3,3,3,2,2,2,2,2,2,2,2,2,2,2,2,2,2,2,2,2,2,2,2,2,2,2,2,2,2,2,2,2,1,1,1,1,1,1,1,1,1,1,1,1,1,1,1,1,1,1,1,1,1,1,1,1,1,1,1,1,1,1,1,1,1,1,1,1,1,1,1,1,1,1,1,1,1,1,1,1,1,1,1,1,1,1,1,1
"December 22, 2003, Monday",24 of 32 DOCUMENTS,The New York Post,THERE'S A LOT RIDING ON BEN'S 'PAYCHECK',Cindy Adams,All Editions; Pg. 014,,725 words,,,"December 22, 2003",ENGLISH,,,CATHERINE ZETA-JONESWill cradle rock again? Jennifer Graylock/AP,,,,"Copyright 2003 N.Y.P. Holdings, Inc. All rights reserved."
,point,talk,another,New_York,100,everyone,back,term,open,star,movie,name,town,happy,kid,guy,holiday,else,wish,know,thing,show,rise,something,famous,psychic,replace,flood,state,Ashton,Wendy,wrapping,pay,attention,director,mil,flick,paycheck,committed,ben,affleck,really,player,poker,table,lady,friend,nervous,send,many,picture,major,nervousness,studio,executive,suite,need,hit,feast,usually,serve,three,have,surround,newie,glorious,uma,thurman,worry,follow,gigli,joke,industry,actually,multiple,career,riding,whatever,nice,hick,play,jack,downtown,pop,800,national,circuit,green,room,bagel,almost,taste,put,stop,tawkin,bout,amenity,paw,cell
,3,3,3,3,2,2,2,2,2,2,2,2,2,2,2,2,2,2,2,2,2,2,2,2,2,2,2,2,2,2,2,1,1,1,1,1,1,1,1,1,1,1,1,1,1,1,1,1,1,1,1,1,1,1,1,1,1,1,1,1,1,1,1,1,1,1,1,1,1,1,1,1,1,1,1,1,1,1,1,1,1,1,1,1,1,1,1,1,1,1,1,1,1,1,1,1,1,1,1
"December 24, 2003, Wednesday",25 of 32 DOCUMENTS,The New York Post,U.S. ECONO-BOOM FINALLY REACHES NYC,ADAM MILLER,Sports+Late City Final; Pg. 002,,429 words,,,"December 24, 2003",ENGLISH,,,A shopper carries packages in Herald Square yesterday. Analysts say the economy's growth was boosted by consumer spending.  [Bloomberg News],,,,"Copyright 2003 N.Y.P. Holdings, Inc. All rights reserved."
,economy,rate,city,economic,grow,percent,report,expand,spend,quarter,seem,fastest,nearly,sign,result,look,business,growth,8.2,third,biggest,spurt,consumer,investment,department,New_York_City,GDP,big,apple,entire,boom,lag,behind,rest,catch,expert,government,nationwide,senior,regional,economist,dramatically,improve,past,already,definitive,emerge,protract,recession,quality,definitely,warming,surge,continue,decline,unemployment,former,state,comptroller,ned,regan,agree,turn,corner,productivity,phenomenal,long,last,pick,good,hire,have,half,head,development,corp,enthusiastic,great,position,economically,right,whose,organization,create,encourage,start,reap,benefit,nation,rebound,people,company,strong,momentum,country,whole,gross,domestic,product
,6,6,4,4,4,4,3,3,3,3,2,2,2,2,2,2,2,2,2,2,2,2,2,2,2,2,2,1,1,1,1,1,1,1,1,1,1,1,1,1,1,1,1,1,1,1,1,1,1,1,1,1,1,1,1,1,1,1,1,1,1,1,1,1,1,1,1,1,1,1,1,1,1,1,1,1,1,1,1,1,1,1,1,1,1,1,1,1,1,1,1,1,1,1,1,1,1,1,1
"December 28, 2003, Sunday",26 of 32 DOCUMENTS,The New York Post,"KYOTO PROTOCOL, R.I.P.",,All Editions; Pg. 024,,538 words,,,"December 31, 2003",ENGLISH,,,,,,,"Copyright 2003 N.Y.P. Holdings, Inc. All rights reserved."
,treaty,Kyoto,country,United_States,emission,reject,president,economic,protocol,ratify,world,percent,Russia,form,ratification,dead,russian,1997,beyond,economy,without,can,among,take,effect,account,nation,greenhouse,though,sign,do,follow,doubt,exempt,huge,bad,idea,Kyoto_Protocol,greenhouse_gas,European,Russian,Putin,apparently,major,blow,hypocritical,proponent,chief,adviser,course,present,impossible,undertake,responsibility,place,serious,limit,growth,junior,minister,responsible,later,qualified,statement,decision,move,towards,truth,time,officially,accord,simply,put,utterly,resuscitation,fortunately,prosperity,billion,people,enter,force,signatory,provision,whose,combine,production,least,industrialize,already,withdraw,provisional,signature,plain,fact,participation,letter,constantly,pillory,opponent
,7,6,5,5,3,3,3,3,3,3,3,3,3,2,2,2,2,2,2,2,2,2,2,2,2,2,2,2,2,2,2,2,2,2,2,2,2,2,2,2,2,2,1,1,1,1,1,1,1,1,1,1,1,1,1,1,1,1,1,1,1,1,1,1,1,1,1,1,1,1,1,1,1,1,1,1,1,1,1,1,1,1,1,1,1,1,1,1,1,1,1,1,1,1,1,1,1,1,1
"June 12, 2003, Thursday",27 of 32 DOCUMENTS,The New York Post,NBA STARTS CRACKDOWN ON ILLEGAL HOOPS DUPES,TIM ARANGO,Sport+Late City Final; Pg. 039,,393 words,,,"June 12, 2003",ENGLISH,,,A Chicago shopper checks out NBA retro apparel.  AP,,,,"Copyright 2003 N.Y.P. Holdings, Inc. All rights reserved."
,enforcement,custom,official,item,counterfeit,goods,NBA,merchandise,league,include,retro,jersey,law,seize,group,CAPS,hoop,street,knockoff,jacket,priced,200,300,amount,activity,"6,000",form,fake,million,warm_up,Asia,LaRocca,counterfeiters,go,upscale,long,contend,pesky,seller,bootleg,hat,outside,arenas,city,dramatic,rise,last,six,sale,executive,tell,post,show,retail,outlet,result,step,effort,work,closely,pretty,significant,increase,type,senior,vice,president,global,merchandising,have,ratchete,much,larger,week,ago,shipment,suspect,domestic,manufacturer,blame,agency,try,track,direct,reflection,strength,brand,resonate,consumer,investigation,counterfeiting,coordinate,1990,major,sport,coalition,advance,protection,actually
,6,5,5,5,5,4,4,3,3,3,3,3,3,3,3,3,2,2,2,2,2,2,2,2,2,2,2,2,2,2,2,2,1,1,1,1,1,1,1,1,1,1,1,1,1,1,1,1,1,1,1,1,1,1,1,1,1,1,1,1,1,1,1,1,1,1,1,1,1,1,1,1,1,1,1,1,1,1,1,1,1,1,1,1,1,1,1,1,1,1,1,1,1,1,1,1,1,1,1
"September 17, 2003, Wednesday",28 of 32 DOCUMENTS,The New York Post,JOKE'S ON STAR-STRUCK COMIC,,All Editions; Pg. 010,,1748 words,,,"September 17, 2003",ENGLISH,,,"-Hollywood glam couple Ashton Kutcher and Demi Moore dance body-to-body on the stage of the trendy White Lotus nightclub in Los Angeles yesterday. Splash News -Paris Hilton, Luciana Curtis
-Brit beauty Kate Beckinsale arrives with big hair and a big ring at the premiere of her new film ""Underworld"" at Mann's Chinese Theatre in Hollywood. EPA Photo",,,,"Copyright 2003 N.Y.P. Holdings, Inc. All rights reserved."
,girl,movie,Caravello,make,star,we,name,magazine,Star,play,tell,daily,try,party,Kimmel,role,private,go,pink,fedora,cover,leave,Us,friend,caravello,starr,show,think,actor,know,last,director,set,former,hire,jump,street,lcf,take,battle,tent,model,still,switch,marry,report,work,cigar,video,court,sober,hold,night,new,people,sassoon,six,windy,city,heat,stone,fury,really,help,circuit,send,fake,audition,joke,back,war,newsstand,squad,distribute,panthers,trench,coat,black,fishnet,heel,upstage,wear,gal,aped,rain,fleed,grab,chic,umbrellas,worse,vain,poach,later,camp,refuse,circus,child,bodyguard,la
,11,9,9,7,7,7,6,6,6,5,5,5,5,5,5,4,4,4,4,4,4,4,4,3,3,3,3,3,3,3,3,3,3,3,3,3,3,3,3,3,3,3,3,3,3,3,3,3,3,3,3,3,3,3,3,3,2,2,2,2,2,2,2,2,2,2,2,2,2,2,2,2,2,2,2,2,2,2,2,2,2,2,2,2,2,2,2,2,2,2,2,2,2,2,2,2,2,2,2
"January 19, 2003, Sunday",29 of 32 DOCUMENTS,The New York Post,GLOBAL SWARMING ; TOP TALENT SHINES OVER AWARD BASH,ALY SUJO and PAULA FROELICH,Sport+Late City Final; Pg. 007,,641 words,,,"January 22, 2003",ENGLISH,,,"LIP SERVICE:Best-actor winner Daniel Day-Lewis and Nicole Kidman warm up for the Golden Globes at the Critics' Choice Awards. AP
BABY, IT'S NICOLE OUTSIDE:Nicole Kidman slinks into Friday's Critics' Choice Awards in a barely there getup. Russ Einhorn/Splash News
JACK NICHOLSON Won critical award.",,,,"Copyright 2003 N.Y.P. Holdings, Inc. All rights reserved."
,best,THE,musical,comedy,include,performance,actor,bag,Hours,Globes,Chicago,drama,actress,nod,nomination,three,DRAMA,thing,prize,meanwhile,award,major,winner,usually,fill,spy,worth,boy,big,fat,greek,wedding,tv,Catherine,Julianne_Moore,New_York,ACTRESS,MUSICAL_OR,COMEDY,SERIES,gaggle,pushiest,queen,tonight,gleam,competition,fiercest,standout,prestigious,lineup,thespian,among,chatterbox,tirelessly,promote,poetic,weepie,hope,prosthetically,enhance,eight,number,history,choose,foreign,press,association,annual,week,announce,important,indication,biggest,talky,holly,wood,cognoscenti,believe,chicago,snare,least,film,describe,many,convolute,heavily,tip,walk,away,laureate,seven,third,place,adaptation,tale,neurotic,screenwriter,six,top
,15,7,6,5,4,4,4,4,4,4,4,3,3,3,3,3,3,2,2,2,2,2,2,2,2,2,2,2,2,2,2,2,2,2,2,2,2,2,2,2,1,1,1,1,1,1,1,1,1,1,1,1,1,1,1,1,1,1,1,1,1,1,1,1,1,1,1,1,1,1,1,1,1,1,1,1,1,1,1,1,1,1,1,1,1,1,1,1,1,1,1,1,1,1,1,1,1,1,1
"February 25, 2003, Tuesday",30 of 32 DOCUMENTS,The New York Post,MING MAN HITS APPLE: ROCKET CENTER SET FOR GARDEN PARTY,MARK HALE,Sport+Late City Final; Pg. 076,,807 words,,,"February 25, 2003",ENGLISH,,,YAO MING.  AP,,,,"Copyright 2003 N.Y.P. Holdings, Inc. All rights reserved."
,yao,Yao,ming,o'neal,go,play,tim,duncan,New_York,nowitzki,Garden,Shaquille,Dirk,big,tonight,last,night,excited,Jermaine,thing,league,biggest,time,inch,ask,pizza,add,use,know,think,best,rocket,can,many,media,goal,hit,bring,fan,star,handle,celebrity,season,every,new,challenge,guy,deal,welcome,ben,wallace,NBA,Yao_Ming,Boston,Truth,VISA,China,Brad_Miller,next,stage,fabl,floor,seven,foot,six,rookie,sensation,fly,salivate,to,win,celtic,finally,mecca,flash,wide,grin,motion,translator,treat,playful,humor,describe,anticipation,teammate,mean,lot,amazing,everything,great,probably,far,guard,wait,legendary,former,sure,hear,story
,11,11,8,7,6,5,5,5,5,4,4,4,4,3,3,3,3,3,3,2,2,2,2,2,2,2,2,2,2,2,2,2,2,2,2,2,2,2,2,2,2,2,2,2,2,2,2,2,2,2,2,2,2,2,2,2,2,2,1,1,1,1,1,1,1,1,1,1,1,1,1,1,1,1,1,1,1,1,1,1,1,1,1,1,1,1,1,1,1,1,1,1,1,1,1,1,1,1,1
"June 22, 2003, Sunday",31 of 32 DOCUMENTS,The New York Post,LATEST TOME'S DARKER TONE MAKES IT THE BEST YET,Bill Hoffmann,All Editions; Pg. 002,,341 words,,,"June 24, 2003",ENGLISH,,,,,,,"Copyright 2003 N.Y.P. Holdings, Inc. All rights reserved."
,order,book,Phoenix,Harry,`,turn,far,odd,j.k.,rowl,sentence,find,past,world,know,seem,plot,keep,best,boy,wizard,adventure,small,feat,spectacular,series,better,potter,fan,love,savor,magical,prose,slowly,hard,race,happen,exactly,early,session,power,pot,half,coffee,faithfully,begin,previous,four,yet,another,hysterical,humiliation,boorish,family,dumpy,big,taste,medicine,similarity,story,stop,lot,darker,much,less,whimsical,noticeably,faster,pace,effect,ok,show,time,transform,joke,adolescent,brooding,teenager,bitterly,sarcastic,quick,increasingly,worried,place,jolt,disturbing,new,revelation,parent,never,relatively,safe,confines,number,pal,angst,combination,impend,global
,3,3,3,3,2,2,2,2,2,2,2,2,2,2,2,2,2,2,1,1,1,1,1,1,1,1,1,1,1,1,1,1,1,1,1,1,1,1,1,1,1,1,1,1,1,1,1,1,1,1,1,1,1,1,1,1,1,1,1,1,1,1,1,1,1,1,1,1,1,1,1,1,1,1,1,1,1,1,1,1,1,1,1,1,1,1,1,1,1,1,1,1,1,1,1,1,1,1,1
"August 20, 2003, Wednesday",32 of 32 DOCUMENTS,The New York Post,RED SOX HARBOR WILD-EST DREAMS,KEVIN KERNAN,Metro; Pg. 071,,540 words,,,"August 20, 2003",ENGLISH,,,"HOME COOKIN':Nomar Garciaparra is epitome of Red Sox's success at home, struggles on the road. He's batting .392 at Fenway, .254 elsewhere. AP",,,,"Copyright 2003 N.Y.P. Holdings, Inc. All rights reserved."
,Red_Sox,go,home,game,last,night,road,sox,Yankees,bit,think,wild,team,three,plan,yankee,talk,card,lead,consider,win,take,put,respond,play,fan,line,know,better,town,seat,hit,trip,Fenway,grand,slam,change,reality,summer,six,behind,loss,column,nation,global,show,amazing,little,league,kid,dominate,time,case,ballplayer,center,universe,make,showdown,important,warm,identical,record,tie,management,seem,happy,race,low,payroll,different,story,must,new,blueprint,erasing,curse,something,care,business,bad,action,expect,ease,recent,woe,catcher,reporter,guy,kind,character,intensity,hour,wait,inside,glorious,green,gate,bleep,bumper
,7,6,5,4,4,4,4,4,4,3,3,3,3,3,2,2,2,2,2,2,2,2,2,2,2,2,2,2,2,2,2,2,2,2,1,1,1,1,1,1,1,1,1,1,1,1,1,1,1,1,1,1,1,1,1,1,1,1,1,1,1,1,1,1,1,1,1,1,1,1,1,1,1,1,1,1,1,1,1,1,1,1,1,1,1,1,1,1,1,1,1,1,1,1,1,1,1,1,1
